refYear,continent,flow,product,value_usd
2010,Africa,Export,Gaseous NG (271121),10600356035.241
2010,Africa,Export,LNG (271111),8825109133.768
2010,Africa,Import,Gaseous NG (271121),369660.196
2010,Africa,Import,LNG (271111),208034509.825
2010,Americas,Export,Gaseous NG (271121),18050609096.197
2010,Americas,Export,LNG (271111),283551413.87
2010,Americas,Import,Gaseous NG (271121),7205231354.613
2010,Americas,Import,LNG (271111),3760277120.246
2010,Asia,Export,Gaseous NG (271121),1721925992.605
2010,Asia,Export,LNG (271111),15174874137.316
2010,Asia,Import,Gaseous NG (271121),3416531808.297
2010,Asia,Import,LNG (271111),42754816692.927
2010,Europe,Export,Gaseous NG (271121),43118609357.157
2010,Europe,Export,LNG (271111),1727349556.1200001
2010,Europe,Import,Gaseous NG (271121),114672403892.021
2010,Europe,Import,LNG (271111),21341939123.638
2010,Oceania,Export,Gaseous NG (271121),35053.752
2010,Oceania,Export,LNG (271111),177886.487
2010,Oceania,Import,Gaseous NG (271121),1597232174.7380002
2010,Oceania,Import,LNG (271111),83808.97899999999
2011,Africa,Export,Gaseous NG (271121),13380823534.374
2011,Africa,Export,LNG (271111),14447058382.81
2011,Africa,Import,Gaseous NG (271121),664120.306
2011,Africa,Import,LNG (271111),422262359.426
2011,Americas,Export,Gaseous NG (271121),18696984592.693
2011,Americas,Export,LNG (271111),1337137240.882
2011,Americas,Import,Gaseous NG (271121),9281306113.842
2011,Americas,Import,LNG (271111),5218186681.842
2011,Asia,Export,Gaseous NG (271121),6672558378.173
2011,Asia,Export,LNG (271111),21888024879.616
2011,Asia,Import,Gaseous NG (271121),13968578037.043
2011,Asia,Import,LNG (271111),72523237424.081
2011,Europe,Export,Gaseous NG (271121),61422374063.824
2011,Europe,Export,LNG (271111),1834327551.335
2011,Europe,Import,Gaseous NG (271121),157386319157.198
2011,Europe,Import,LNG (271111),29328210123.412
2011,Oceania,Export,Gaseous NG (271121),24420.052
2011,Oceania,Export,LNG (271111),10619231251.265
2011,Oceania,Import,Gaseous NG (271121),2048412637.147
2011,Oceania,Import,LNG (271111),44439340.708000004
2012,Africa,Export,Gaseous NG (271121),15482454496.229
2012,Africa,Export,LNG (271111),8601574799.364
2012,Africa,Import,Gaseous NG (271121),662593.429
2012,Africa,Import,LNG (271111),250480342.287
2012,Americas,Export,Gaseous NG (271121),14286378567.006
2012,Americas,Export,LNG (271111),1496232006.667
2012,Americas,Import,Gaseous NG (271121),9680544970.055
2012,Americas,Import,LNG (271111),7015570955.703
2012,Asia,Export,Gaseous NG (271121),6765272937.49
2012,Asia,Export,LNG (271111),25787340777.6
2012,Asia,Import,Gaseous NG (271121),19061760719.959
2012,Asia,Import,LNG (271111),90052241936.412
2012,Europe,Export,Gaseous NG (271121),62737405298.761
2012,Europe,Export,LNG (271111),3378731058.747
2012,Europe,Import,Gaseous NG (271121),150703834331.895
2012,Europe,Import,LNG (271111),22322337765.586998
2012,Oceania,Export,Gaseous NG (271121),169843.002
2012,Oceania,Export,LNG (271111),14670660429.761
2012,Oceania,Import,Gaseous NG (271121),2266295017.923
2012,Oceania,Import,LNG (271111),3323.469
2013,Africa,Export,Gaseous NG (271121),13564404346.975
2013,Africa,Export,LNG (271111),7903278917.6710005
2013,Africa,Import,Gaseous NG (271121),427386492.388
2013,Africa,Import,LNG (271111),256328074.894
2013,Americas,Export,Gaseous NG (271121),17051028847.404999
2013,Americas,Export,LNG (271111),1395804609.552
2013,Americas,Import,Gaseous NG (271121),12905452562.256
2013,Americas,Import,LNG (271111),9660407378.647
2013,Asia,Export,Gaseous NG (271121),11125611317.335
2013,Asia,Export,LNG (271111),36845824971.545
2013,Asia,Import,Gaseous NG (271121),12938861351.138
2013,Asia,Import,LNG (271111),113793171661.56
2013,Europe,Export,Gaseous NG (271121),62333461253.721
2013,Europe,Export,LNG (271111),9812415682.904
2013,Europe,Import,Gaseous NG (271121),151070444539.706
2013,Europe,Import,LNG (271111),18466163347.335
2013,Oceania,Export,Gaseous NG (271121),45421.017
2013,Oceania,Export,LNG (271111),14707899769.220999
2013,Oceania,Import,Gaseous NG (271121),2322428676.377
2013,Oceania,Import,LNG (271111),69306.716
2014,Africa,Export,Gaseous NG (271121),10836450068.242
2014,Africa,Export,LNG (271111),7448913078.629
2014,Africa,Import,Gaseous NG (271121),199614.74
2014,Africa,Import,LNG (271111),409604558.213
2014,Americas,Export,Gaseous NG (271121),20924753162.06
2014,Americas,Export,LNG (271111),866814074.867
2014,Americas,Import,Gaseous NG (271121),10920863090.151001
2014,Americas,Import,LNG (271111),8659819926.454
2014,Asia,Export,Gaseous NG (271121),7597242874.208
2014,Asia,Export,LNG (271111),32214508408.857002
2014,Asia,Import,Gaseous NG (271121),11337622603.161
2014,Asia,Import,LNG (271111),119945531754.683
2014,Europe,Export,Gaseous NG (271121),54169985909.894
2014,Europe,Export,LNG (271111),11162880476.878
2014,Europe,Import,Gaseous NG (271121),122662051346.911
2014,Europe,Import,LNG (271111),15891233933.218
2014,Oceania,Export,Gaseous NG (271121),98881.3
2014,Oceania,Export,LNG (271111),16443961706.297
2014,Oceania,Import,Gaseous NG (271121),15948.96
2014,Oceania,Import,LNG (271111),161952.309
2015,Africa,Export,Gaseous NG (271121),7188040374.413
2015,Africa,Export,LNG (271111),4735400311.063
2015,Africa,Import,Gaseous NG (271121),301455379.671
2015,Africa,Import,LNG (271111),1685341857.086
2015,Americas,Export,Gaseous NG (271121),12250812041.653
2015,Americas,Export,LNG (271111),450147028.25
2015,Americas,Import,Gaseous NG (271121),9427615144.164999
2015,Americas,Import,LNG (271111),6313646691.182
2015,Asia,Export,Gaseous NG (271121),5066425623.008
2015,Asia,Export,LNG (271111),29323020938.12
2015,Asia,Import,Gaseous NG (271121),8747555934.678
2015,Asia,Import,LNG (271111),75118912258.197
2015,Europe,Export,Gaseous NG (271121),47624711477.292
2015,Europe,Export,LNG (271111),7040622324.06
2015,Europe,Import,Gaseous NG (271121),96046621348.708
2015,Europe,Import,LNG (271111),12090585440.102
2015,Oceania,Export,Gaseous NG (271121),7851.519
2015,Oceania,Export,LNG (271111),12554421719.779
2015,Oceania,Import,LNG (271111),29877862.063
2016,Africa,Export,Gaseous NG (271121),6408002227.3289995
2016,Africa,Export,LNG (271111),3184268661.866
2016,Africa,Import,Gaseous NG (271121),245464.274
2016,Africa,Import,LNG (271111),2519051269.676
2016,Americas,Export,Gaseous NG (271121),8690747563.402
2016,Americas,Export,LNG (271111),617932938.945
2016,Americas,Import,Gaseous NG (271121),6127874660.373
2016,Americas,Import,LNG (271111),3065948000.982
2016,Asia,Export,Gaseous NG (271121),5014262065.023
2016,Asia,Export,LNG (271111),20895607397.62
2016,Asia,Import,Gaseous NG (271121),13607077792.676
2016,Asia,Import,LNG (271111),59544319330.268
2016,Europe,Export,Gaseous NG (271121),30222071488.818
2016,Europe,Export,LNG (271111),4405572170.662
2016,Europe,Import,Gaseous NG (271121),72416600814.175
2016,Europe,Import,LNG (271111),7670339199.394
2016,Oceania,Export,Gaseous NG (271121),3835.229
2016,Oceania,Export,LNG (271111),13449007801.565
2016,Oceania,Import,LNG (271111),43823.602
2017,Africa,Export,Gaseous NG (271121),2161747691.349
2017,Africa,Export,LNG (271111),2412550183.068
2017,Africa,Import,Gaseous NG (271121),869632.211
2017,Africa,Import,LNG (271111),2495973348.093
2017,Americas,Export,Gaseous NG (271121),10608544971.629
2017,Americas,Export,LNG (271111),819917374.227
2017,Americas,Import,Gaseous NG (271121),8017124866.041
2017,Americas,Import,LNG (271111),3486491268.532
2017,Asia,Export,Gaseous NG (271121),6373786742.951
2017,Asia,Export,LNG (271111),31210760217.502
2017,Asia,Import,Gaseous NG (271121),15289836953.55
2017,Asia,Import,LNG (271111),78852165620.162
2017,Europe,Export,Gaseous NG (271121),39812771895.142
2017,Europe,Export,LNG (271111),4586246159.111
2017,Europe,Import,Gaseous NG (271121),85439045319.551
2017,Europe,Import,LNG (271111),10558446519.268
2017,Oceania,Export,Gaseous NG (271121),75623.693
2017,Oceania,Export,LNG (271111),78458410.207
2017,Oceania,Import,Gaseous NG (271121),4969.439
2017,Oceania,Import,LNG (271111),189146.413
2018,Africa,Export,Gaseous NG (271121),60606.869
2018,Africa,Export,LNG (271111),3469060075.844
2018,Africa,Import,Gaseous NG (271121),271721868.941
2018,Africa,Import,LNG (271111),1446437222.948
2018,Americas,Export,Gaseous NG (271121),10514407357.2
2018,Americas,Export,LNG (271111),1053164310.15
2018,Americas,Import,Gaseous NG (271121),10956855869.946
2018,Americas,Import,LNG (271111),4274413023.833
2018,Asia,Export,Gaseous NG (271121),8985562889.455
2018,Asia,Export,LNG (271111),43779680207.403
2018,Asia,Import,Gaseous NG (271121),18616622558.208
2018,Asia,Import,LNG (271111),111874518929.404
2018,Europe,Export,Gaseous NG (271121),53483758704.989
2018,Europe,Export,LNG (271111),7938532629.385
2018,Europe,Import,Gaseous NG (271121),107236127252.022
2018,Europe,Import,LNG (271111),14841253133.352
2018,Oceania,Export,Gaseous NG (271121),10759.652
2018,Oceania,Export,LNG (271111),283166235.451
2018,Oceania,Import,Gaseous NG (271121),6086.318
2018,Oceania,Import,LNG (271111),42966823.584
2019,Africa,Export,Gaseous NG (271121),294305.57700000005
2019,Africa,Export,LNG (271111),2540743225.554
2019,Africa,Import,Gaseous NG (271121),255177874.501
2019,Africa,Import,LNG (271111),329879586.702
2019,Americas,Export,Gaseous NG (271121),9827309993.529
2019,Americas,Export,LNG (271111),632479258.257
2019,Americas,Import,Gaseous NG (271121),10744305986.392
2019,Americas,Import,LNG (271111),2963857600.972
2019,Asia,Export,Gaseous NG (271121),13600893623.175
2019,Asia,Export,LNG (271111),66479753380.752
2019,Asia,Import,Gaseous NG (271121),22371532605.942
2019,Asia,Import,LNG (271111),107503390717.776
2019,Europe,Export,Gaseous NG (271121),41101875979.56
2019,Europe,Export,LNG (271111),9198914373.804
2019,Europe,Import,Gaseous NG (271121),82344643212.87
2019,Europe,Import,LNG (271111),20534307513.802
2019,Oceania,Export,Gaseous NG (271121),2515.811
2019,Oceania,Export,LNG (271111),29702558.483000003
2019,Oceania,Import,LNG (271111),5414.023999999999
2020,Africa,Export,Gaseous NG (271121),35475.967
2020,Africa,Export,LNG (271111),5357263104.952
2020,Africa,Import,Gaseous NG (271121),139725832.724
2020,Africa,Import,LNG (271111),621112740.666
2020,Americas,Export,Gaseous NG (271121),7313854282.561
2020,Americas,Export,LNG (271111),170771844.38
2020,Americas,Import,Gaseous NG (271121),8212707035.104
2020,Americas,Import,LNG (271111),1824858846.919
2020,Asia,Export,Gaseous NG (271121),10554458092.688
2020,Asia,Export,LNG (271111),13420285088.667
2020,Asia,Import,Gaseous NG (271121),20550537519.872
2020,Asia,Import,LNG (271111),83519256229.624
2020,Europe,Export,Gaseous NG (271121),26829279813.655
2020,Europe,Export,LNG (271111),7440023108.186
2020,Europe,Import,Gaseous NG (271121),55523720860.421
2020,Europe,Import,LNG (271111),13690953764.677
2020,Oceania,Export,Gaseous NG (271121),1301.914
2020,Oceania,Export,LNG (271111),1548850.236
2020,Oceania,Import,Gaseous NG (271121),6789.062
2020,Oceania,Import,LNG (271111),22568771.647
2021,Africa,Export,Gaseous NG (271121),19763.038
2021,Africa,Export,LNG (271111),11956378347.93
2021,Africa,Import,Gaseous NG (271121),159353566.942
2021,Africa,Import,LNG (271111),1266097179.316
2021,Americas,Export,Gaseous NG (271121),12972857289.322
2021,Americas,Export,LNG (271111),58366907.902
2021,Americas,Import,Gaseous NG (271121),16785301612.491
2021,Americas,Import,LNG (271111),7176418870.603
2021,Asia,Export,Gaseous NG (271121),15241413480.68
2021,Asia,Export,LNG (271111),14759595226.86
2021,Asia,Import,Gaseous NG (271121),19730619817.142
2021,Asia,Import,LNG (271111),131190935699.821
2021,Europe,Export,Gaseous NG (271121),99905856534.684
2021,Europe,Export,LNG (271111),9385062544.197
2021,Europe,Import,Gaseous NG (271121),144587206252.007
2021,Europe,Import,LNG (271111),34233083492.038002
2021,Oceania,Export,Gaseous NG (271121),17421.895
2021,Oceania,Export,LNG (271111),37108978951.001
2021,Oceania,Import,LNG (271111),145488.888
2022,Africa,Export,Gaseous NG (271121),162446.30000000002
2022,Africa,Export,LNG (271111),20286223482.908
2022,Africa,Import,Gaseous NG (271121),238410097.43
2022,Africa,Import,LNG (271111),2344468837.291
2022,Americas,Export,Gaseous NG (271121),22566601226.081
2022,Americas,Export,LNG (271111),276700871.933
2022,Americas,Import,Gaseous NG (271121),22275337210.087
2022,Americas,Import,LNG (271111),8944866302.547
2022,Asia,Export,Gaseous NG (271121),26359313954.308
2022,Asia,Export,LNG (271111),27961638546.566
2022,Asia,Import,Gaseous NG (271121),27868848227.973
2022,Asia,Import,LNG (271111),204096737133.169
2022,Europe,Export,Gaseous NG (271121),245951285757.86
2022,Europe,Export,LNG (271111),5803770329.787
2022,Europe,Import,Gaseous NG (271121),301050002608.7
2022,Europe,Import,LNG (271111),146812332181.955
2022,Oceania,Export,Gaseous NG (271121),2515.8089999999997
2022,Oceania,Export,LNG (271111),62310017859.451004
2022,Oceania,Import,LNG (271111),123414.807
2023,Africa,Export,Gaseous NG (271121),62524.9
2023,Africa,Export,LNG (271111),11530999329.007
2023,Africa,Import,Gaseous NG (271121),598423028.813
2023,Africa,Import,LNG (271111),2811250375.507
2023,Americas,Export,Gaseous NG (271121),12497843875.068
2023,Americas,Export,LNG (271111),60646436.38599999
2023,Americas,Import,Gaseous NG (271121),12118389552.193
2023,Americas,Import,LNG (271111),4748896651.592
2023,Asia,Export,Gaseous NG (271121),23564684454.285
2023,Asia,Export,LNG (271111),31235216266.906998
2023,Asia,Import,Gaseous NG (271121),28141446503.729
2023,Asia,Import,LNG (271111),158719733324.6
2023,Europe,Export,Gaseous NG (271121),101098485837.213
2023,Europe,Export,LNG (271111),4705828724.965
2023,Europe,Import,Gaseous NG (271121),147862705148.449
2023,Europe,Import,LNG (271111),84304719374.276
2023,Oceania,Export,Gaseous NG (271121),42524.027
2023,Oceania,Export,LNG (271111),49580496832.261
2023,Oceania,Import,Gaseous NG (271121),4207.476
2023,Oceania,Import,LNG (271111),31525.439
2024,Africa,Export,Gaseous NG (271121),32237.559
2024,Africa,Export,LNG (271111),6068468236.948
2024,Africa,Import,Gaseous NG (271121),73189400.815
2024,Africa,Import,LNG (271111),5370994350.437
2024,Americas,Export,Gaseous NG (271121),8369075804.947
2024,Americas,Export,LNG (271111),1345741011.684
2024,Americas,Import,Gaseous NG (271121),8849546574.258
2024,Americas,Import,LNG (271111),4959250234.069
2024,Asia,Export,Gaseous NG (271121),17215860677.537
2024,Asia,Export,LNG (271111),22431880820.333
2024,Asia,Import,Gaseous NG (271121),29843223888.539
2024,Asia,Import,LNG (271111),147274257360.871
2024,Europe,Export,Gaseous NG (271121),76704234469.11
2024,Europe,Export,LNG (271111),3252850333.206
2024,Europe,Import,Gaseous NG (271121),100109525848.238
2024,Europe,Import,LNG (271111),47595000046.475
2024,Oceania,Export,Gaseous NG (271121),8903.032
2024,Oceania,Export,LNG (271111),44485063704.42
2024,Oceania,Import,Gaseous NG (271121),17667.708
2024,Oceania,Import,LNG (271111),41283.941999999995
