period,product,value_usd
2010-01-01,Gaseous NG (271121),13791392725.015
2010-01-01,LNG (271111),5603710366.322
2010-02-01,Gaseous NG (271121),13639869807.05
2010-02-01,LNG (271111),5301889218.771
2010-03-01,Gaseous NG (271121),13441692145.198
2010-03-01,LNG (271111),6269608958.21
2010-04-01,Gaseous NG (271121),11730708752.305
2010-04-01,LNG (271111),5601298855.9210005
2010-05-01,Gaseous NG (271121),10388586647.437
2010-05-01,LNG (271111),5026731491.694
2010-06-01,LNG (271111),5434280350.941
2010-06-01,Gaseous NG (271121),10213291885.625
2010-07-01,Gaseous NG (271121),9918119437.486
2010-07-01,LNG (271111),5984123665.334001
2010-08-01,Gaseous NG (271121),9455381227.659
2010-08-01,LNG (271111),6544525255.759
2010-09-01,Gaseous NG (271121),8810781579.866
2010-09-01,LNG (271111),6399892036.314
2010-10-01,Gaseous NG (271121),11659782368.753
2010-10-01,LNG (271111),5462140269.131
2010-11-01,LNG (271111),6166237315.367
2010-11-01,Gaseous NG (271121),12909348196.949
2010-12-01,LNG (271111),6848584936.27
2010-12-01,Gaseous NG (271121),15185833523.577
2011-01-01,Gaseous NG (271121),18433726260.955
2011-01-01,LNG (271111),7866894937.686
2011-02-01,Gaseous NG (271121),18312963296.304
2011-02-01,LNG (271111),7285629066.142
2011-03-01,Gaseous NG (271121),17417738104.336998
2011-03-01,LNG (271111),8606871730.796
2011-04-01,Gaseous NG (271121),17223395971.259
2011-04-01,LNG (271111),8024328950.124001
2011-05-01,Gaseous NG (271121),16138254433.441
2011-05-01,LNG (271111),8712919106.047
2011-06-01,LNG (271111),8834991812.407
2011-06-01,Gaseous NG (271121),14191168398.835
2011-07-01,Gaseous NG (271121),14304992059.024
2011-07-01,LNG (271111),9699626702.282
2011-08-01,Gaseous NG (271121),13291895193.685
2011-08-01,LNG (271111),11030868147.954
2011-09-01,Gaseous NG (271121),14367263575.668
2011-09-01,LNG (271111),9822805240.455
2011-10-01,Gaseous NG (271121),15919521794.162
2011-10-01,LNG (271111),9256770326.413
2011-11-01,LNG (271111),10171042384.016
2011-11-01,Gaseous NG (271121),17363260576.088
2011-12-01,Gaseous NG (271121),18956715070.949
2011-12-01,LNG (271111),10381221394.117
2012-01-01,Gaseous NG (271121),17840001807.041
2012-01-01,LNG (271111),11672365500.726
2012-02-01,Gaseous NG (271121),19737128169.077
2012-02-01,LNG (271111),9858407587.244999
2012-03-01,Gaseous NG (271121),17349223017.565
2012-03-01,LNG (271111),11241254256.566
2012-04-01,LNG (271111),9622798818.257
2012-04-01,Gaseous NG (271121),16898605012.112
2012-05-01,Gaseous NG (271121),14351621737.8
2012-05-01,LNG (271111),10808509574.181
2012-06-01,Gaseous NG (271121),13704731204.587
2012-06-01,LNG (271111),9470435151.974
2012-07-01,Gaseous NG (271121),13818726736.816
2012-07-01,LNG (271111),10862048211.327
2012-08-01,Gaseous NG (271121),14176528865.949
2012-08-01,LNG (271111),10834207426.962
2012-09-01,Gaseous NG (271121),13927097179.855
2012-09-01,LNG (271111),10247325692.509
2012-10-01,LNG (271111),8322647138.451
2012-10-01,Gaseous NG (271121),15647682429.142
2012-11-01,Gaseous NG (271121),14973717261.945
2012-11-01,LNG (271111),8482898301.147
2012-12-01,Gaseous NG (271121),17702550113.484
2012-12-01,LNG (271111),9438434686.77
2013-01-01,Gaseous NG (271121),18860069305.177
2013-01-01,LNG (271111),13271148365.112
2013-02-01,Gaseous NG (271121),16810075136.279
2013-02-01,LNG (271111),12419526655.98
2013-03-01,LNG (271111),12475351929.705
2013-03-01,Gaseous NG (271121),18465757603.934
2013-04-01,Gaseous NG (271121),15950701729.456
2013-04-01,LNG (271111),12721426848.566
2013-05-01,Gaseous NG (271121),14639851931.480999
2013-05-01,LNG (271111),11581260477.914
2013-06-01,Gaseous NG (271121),14328633196.295
2013-06-01,LNG (271111),11345217501.991
2013-07-01,Gaseous NG (271121),14106664357.028
2013-07-01,LNG (271111),11764738492.62
2013-08-01,LNG (271111),11872328219.12
2013-08-01,Gaseous NG (271121),13923111540.769001
2013-09-01,LNG (271111),10488103547.264
2013-09-01,Gaseous NG (271121),14370730173.117
2013-10-01,Gaseous NG (271121),15011548673.749
2013-10-01,LNG (271111),12094897462.859
2013-11-01,Gaseous NG (271121),16460243190.929
2013-11-01,LNG (271111),11158795514.318
2013-12-01,Gaseous NG (271121),18108168945.406002
2013-12-01,LNG (271111),12207770324.677
2014-01-01,Gaseous NG (271121),17142167865.218
2014-01-01,LNG (271111),13873474884.802
2014-02-01,Gaseous NG (271121),15462600184.459
2014-02-01,LNG (271111),13646404822.186
2014-03-01,LNG (271111),13304786936.242
2014-03-01,Gaseous NG (271121),15413568026.879
2014-04-01,Gaseous NG (271121),13911088020.153
2014-04-01,LNG (271111),12980116175.965
2014-05-01,Gaseous NG (271121),13828990708.393
2014-05-01,LNG (271111),11268915681.794
2014-06-01,Gaseous NG (271121),12324403322.681
2014-06-01,LNG (271111),11176902976.836
2014-07-01,Gaseous NG (271121),10504629115.71
2014-07-01,LNG (271111),12547406539.437
2014-08-01,LNG (271111),11274496044.157999
2014-08-01,Gaseous NG (271121),10103516659.594
2014-09-01,Gaseous NG (271121),10907097188.945
2014-09-01,LNG (271111),10384960694.827
2014-10-01,Gaseous NG (271121),11445562385.914999
2014-10-01,LNG (271111),11489646628.7
2014-11-01,Gaseous NG (271121),12731086487.317
2014-11-01,LNG (271111),10524946482.398
2014-12-01,Gaseous NG (271121),14221671546.14
2014-12-01,LNG (271111),13645413678.745
2015-01-01,LNG (271111),12897753461.9
2015-01-01,Gaseous NG (271121),12998059998.148
2015-02-01,Gaseous NG (271121),12467428357.998
2015-02-01,LNG (271111),10124532973.655
2015-03-01,Gaseous NG (271121),11197653618.437
2015-03-01,LNG (271111),9902524467.276001
2015-04-01,Gaseous NG (271121),10189999807.114
2015-04-01,LNG (271111),7775314931.543
2015-05-01,Gaseous NG (271121),9517143946.997
2015-05-01,LNG (271111),6580544139.32
2015-06-01,Gaseous NG (271121),9384129416.726
2015-06-01,LNG (271111),6521115648.458
2015-07-01,LNG (271111),7133192937.856
2015-07-01,Gaseous NG (271121),9798801002.358
2015-08-01,Gaseous NG (271121),9468191760.848
2015-08-01,LNG (271111),6866932032.81
2015-09-01,Gaseous NG (271121),9403528711.834
2015-09-01,LNG (271111),7264699571.637
2015-10-01,Gaseous NG (271121),9938632422.067
2015-10-01,LNG (271111),7030308238.473
2015-11-01,Gaseous NG (271121),9323617048.569
2015-11-01,LNG (271111),6781423051.75
2015-12-01,LNG (271111),7436479794.299
2015-12-01,Gaseous NG (271121),9738528888.628
2016-01-01,Gaseous NG (271121),10007303483.395
2016-01-01,LNG (271111),7225797628.298
2016-02-01,Gaseous NG (271121),8763131474.436
2016-02-01,LNG (271111),6550192632.726
2016-03-01,Gaseous NG (271121),8402445217.797
2016-03-01,LNG (271111),6717018861.951
2016-04-01,Gaseous NG (271121),7250838057.165
2016-04-01,LNG (271111),5273796517.2699995
2016-05-01,LNG (271111),4731982517.714
2016-05-01,Gaseous NG (271121),6633176525.344
2016-06-01,LNG (271111),5088719559.406
2016-06-01,Gaseous NG (271121),6287547592.229
2016-07-01,Gaseous NG (271121),6990816327.726999
2016-07-01,LNG (271111),5137722598.245
2016-08-01,Gaseous NG (271121),7702893051.767
2016-08-01,LNG (271111),5944357623.711
2016-09-01,Gaseous NG (271121),7491357721.797
2016-09-01,LNG (271111),6223568181.449
2016-10-01,Gaseous NG (271121),8735166540.188
2016-10-01,LNG (271111),6050053732.335
2016-11-01,LNG (271111),6996318767.578
2016-11-01,Gaseous NG (271121),10158482301.89
2016-12-01,Gaseous NG (271121),10814410723.939999
2016-12-01,LNG (271111),7571558757.227
2017-01-01,Gaseous NG (271121),11475603392.764
2017-01-01,LNG (271111),8382617501.047
2017-02-01,Gaseous NG (271121),10832651780.017
2017-02-01,LNG (271111),8069030894.28
2017-03-01,Gaseous NG (271121),9617627334.756
2017-03-01,LNG (271111),8196799686.385
2017-04-01,Gaseous NG (271121),9048035861.036
2017-04-01,LNG (271111),6898514398.667
2017-05-01,Gaseous NG (271121),8660665194.218
2017-05-01,LNG (271111),7630907733.019
2017-06-01,LNG (271111),7970534251.575
2017-06-01,Gaseous NG (271121),8125009316.272
2017-07-01,Gaseous NG (271121),8282917348.473001
2017-07-01,LNG (271111),7822993295.114
2017-08-01,Gaseous NG (271121),8320915581.873
2017-08-01,LNG (271111),8137293143.224
2017-09-01,Gaseous NG (271121),9002226968.812
2017-09-01,LNG (271111),7302202265.471
2017-10-01,Gaseous NG (271121),9988064025.927
2017-10-01,LNG (271111),7594976099.938
2017-11-01,LNG (271111),8218703491.405
2017-11-01,Gaseous NG (271121),10928150681.623001
2017-12-01,Gaseous NG (271121),12768821186.838
2017-12-01,LNG (271111),9799983759.805
2018-01-01,Gaseous NG (271121),13789700387.569
2018-01-01,LNG (271111),10769691528.602
2018-02-01,Gaseous NG (271121),13277035927.427
2018-02-01,LNG (271111),10520323512.68
2018-03-01,Gaseous NG (271121),14836069230.989
2018-03-01,LNG (271111),10360497625.988
2018-04-01,LNG (271111),8821491755.44
2018-04-01,Gaseous NG (271121),10428699458.027
2018-05-01,LNG (271111),9813666547.608
2018-05-01,Gaseous NG (271121),10283128858.322
2018-06-01,Gaseous NG (271121),10035906921.724
2018-06-01,LNG (271111),10029203324.475
2018-07-01,Gaseous NG (271121),11129892971.916
2018-07-01,LNG (271111),10537105093.411
2018-08-01,Gaseous NG (271121),11073667537.044
2018-08-01,LNG (271111),11724374743.115
2018-09-01,Gaseous NG (271121),11713747524.852
2018-09-01,LNG (271111),11049036283.688
2018-10-01,LNG (271111),12436087760.09
2018-10-01,Gaseous NG (271121),12213488932.299
2018-11-01,Gaseous NG (271121),12676235257.546999
2018-11-01,LNG (271111),12999471203.362999
2018-12-01,Gaseous NG (271121),13444760423.86
2018-12-01,LNG (271111),14342788369.644
2019-01-01,Gaseous NG (271121),14451976053.259
2019-01-01,LNG (271111),14307099608.524
2019-02-01,Gaseous NG (271121),12910951768.982
2019-02-01,LNG (271111),11901380596.352
2019-03-01,Gaseous NG (271121),12051720664.612999
2019-03-01,LNG (271111),11574274152.708
2019-04-01,LNG (271111),10774452658.246
2019-04-01,Gaseous NG (271121),10079601428.653
2019-05-01,Gaseous NG (271121),10066981749.592
2019-05-01,LNG (271111),10406517255.336
2019-06-01,Gaseous NG (271121),9169935287.718
2019-06-01,LNG (271111),9692999487.07
2019-07-01,Gaseous NG (271121),9074823160.184
2019-07-01,LNG (271111),10725466219.132
2019-08-01,Gaseous NG (271121),8317717377.066
2019-08-01,LNG (271111),10627166137.348
2019-09-01,LNG (271111),10113681575.327
2019-09-01,Gaseous NG (271121),8009806086.281
2019-10-01,Gaseous NG (271121),8540927233.193
2019-10-01,LNG (271111),9618573700.678
2019-11-01,Gaseous NG (271121),9822924912.731
2019-11-01,LNG (271111),10775849928.457
2019-12-01,Gaseous NG (271121),10567823377.611
2019-12-01,LNG (271111),11792598383.258
2020-01-01,Gaseous NG (271121),9363384326.055
2020-01-01,LNG (271111),12441171608.734
2020-02-01,LNG (271111),10261796263.457
2020-02-01,Gaseous NG (271121),8312590218.441
2020-03-01,LNG (271111),10201608583.653
2020-03-01,Gaseous NG (271121),8036126530.843
2020-04-01,Gaseous NG (271121),6494902828.608
2020-04-01,LNG (271111),8612865473.138
2020-05-01,Gaseous NG (271121),5889806844.332
2020-05-01,LNG (271111),7770171920.989
2020-06-01,Gaseous NG (271121),5576428451.227
2020-06-01,LNG (271111),7465067723.133
2020-07-01,Gaseous NG (271121),6057181091.948999
2020-07-01,LNG (271111),6913268184.727
2020-08-01,LNG (271111),6046038572.338
2020-08-01,Gaseous NG (271121),6398512239.024
2020-09-01,Gaseous NG (271121),6822946381.221
2020-09-01,LNG (271111),6290767537.127
2020-10-01,Gaseous NG (271121),8106396945.577001
2020-10-01,LNG (271111),6690320133.765
2020-11-01,Gaseous NG (271121),8859175958.36
2020-11-01,LNG (271111),7665567007.04
2020-12-01,Gaseous NG (271121),9895662653.813
2020-12-01,LNG (271111),9944582660.775
2021-01-01,Gaseous NG (271121),12557530048.286
2021-01-01,LNG (271111),11232223395.164
2021-02-01,LNG (271111),12218510883.518
2021-02-01,Gaseous NG (271121),11495595838.034
2021-03-01,LNG (271111),11086076606.036
2021-03-01,Gaseous NG (271121),13518402713.428999
2021-04-01,Gaseous NG (271121),10147776710.215
2021-04-01,LNG (271111),9830831543.219
2021-05-01,Gaseous NG (271121),10719778266.691
2021-05-01,LNG (271111),10495207760.367
2021-06-01,Gaseous NG (271121),10387048301.628
2021-06-01,LNG (271111),11704856419.354
2021-07-01,Gaseous NG (271121),12752094757.4
2021-07-01,LNG (271111),12234630712.195
2021-08-01,Gaseous NG (271121),14772706102.973999
2021-08-01,LNG (271111),13622703944.894001
2021-09-01,LNG (271111),14850049630.35
2021-09-01,Gaseous NG (271121),16085465357.745
2021-10-01,Gaseous NG (271121),23655509806.924
2021-10-01,LNG (271111),17121740355.875
2021-11-01,Gaseous NG (271121),24571248367.282
2021-11-01,LNG (271111),22835434830.488
2021-12-01,Gaseous NG (271121),31428594247.257
2021-12-01,LNG (271111),27601910487.212
2022-01-01,Gaseous NG (271121),31719743792.976
2022-01-01,LNG (271111),32889150922.646
2022-02-01,LNG (271111),25612427648.56
2022-02-01,Gaseous NG (271121),26333405562.835
2022-03-01,Gaseous NG (271121),32315314076.487
2022-03-01,LNG (271111),28379904661.849
2022-04-01,Gaseous NG (271121),31490209952.53
2022-04-01,LNG (271111),27280121113.918
2022-05-01,Gaseous NG (271121),27253593531.42
2022-05-01,LNG (271111),26278967437.943
2022-06-01,Gaseous NG (271121),24420510985.751
2022-06-01,LNG (271111),23392930909.058
2022-07-01,LNG (271111),27740337306.255
2022-07-01,Gaseous NG (271121),31557649318.086
2022-08-01,Gaseous NG (271121),41170421052.324
2022-08-01,LNG (271111),33575313339.198
2022-09-01,Gaseous NG (271121),37413414521.946
2022-09-01,LNG (271111),40774394147.748
2022-10-01,Gaseous NG (271121),27740752664.217
2022-10-01,LNG (271111),30704696750.188
2022-11-01,Gaseous NG (271121),25634859480.598
2022-11-01,LNG (271111),31731419682.576
2022-12-01,Gaseous NG (271121),34839461579.995
2022-12-01,LNG (271111),35064125742.141
2023-01-01,LNG (271111),34710520595.395996
2023-01-01,Gaseous NG (271121),27516888330.546
2023-02-01,Gaseous NG (271121),22167778607.856
2023-02-01,LNG (271111),27713647853.158
2023-03-01,Gaseous NG (271121),21653713532.589
2023-03-01,LNG (271111),23642056504.144
2023-04-01,Gaseous NG (271121),17732456499.911
2023-04-01,LNG (271111),19517826669.76
2023-05-01,Gaseous NG (271121),15243201772.272
2023-05-01,LNG (271111),20530912854.044
2023-06-01,LNG (271111),16969739388.747
2023-06-01,Gaseous NG (271121),12975841219.671
2023-07-01,Gaseous NG (271121),13749029126.063
2023-07-01,LNG (271111),16297683644.952
2023-08-01,Gaseous NG (271121),14085349972.42
2023-08-01,LNG (271111),17117452048.098
2023-09-01,Gaseous NG (271121),11609610227.94
2023-09-01,LNG (271111),16077463040.75
2023-10-01,Gaseous NG (271121),13745374225.8
2023-10-01,LNG (271111),16303950677.294
2023-11-01,LNG (271111),19105294672.967
2023-11-01,Gaseous NG (271121),15174312926.827
2023-12-01,LNG (271111),23617382218.716
2023-12-01,Gaseous NG (271121),16322142353.872
2024-01-01,Gaseous NG (271121),13742973080.296
2024-01-01,LNG (271111),21005425444.086
2024-02-01,Gaseous NG (271121),11675378851.725
2024-02-01,LNG (271111),18360116529.304
2024-03-01,Gaseous NG (271121),11661126943.612
2024-03-01,LNG (271111),16247414431.279
2024-04-01,Gaseous NG (271121),11208588947.774
2024-04-01,LNG (271111),15478220682.287
2024-05-01,LNG (271111),16428679344.07
2024-05-01,Gaseous NG (271121),11801174402.589
2024-06-01,Gaseous NG (271121),12411202759.027
2024-06-01,LNG (271111),14719528825.705
2024-07-01,Gaseous NG (271121),11640610928.996
2024-07-01,LNG (271111),16281984747.066
2024-08-01,Gaseous NG (271121),13025980903.651
2024-08-01,LNG (271111),17004920273.174
2024-09-01,Gaseous NG (271121),10647441122.942
2024-09-01,LNG (271111),16377802211.68
2024-10-01,Gaseous NG (271121),11357623917.327
2024-10-01,LNG (271111),17909045242.101
2024-11-01,Gaseous NG (271121),13134547095.294
2024-11-01,LNG (271111),16807644334.62
2024-12-01,Gaseous NG (271121),13671446919.863
2024-12-01,LNG (271111),19580231893.869
