refYear,month,product,value_usd,annual_total_usd,share,regime
2010,1,Gaseous NG (271121),13791392725.015,141144788296.91998,0.09771095972741596,Pre-COVID
2010,1,LNG (271111),5603710366.322,70643022720.034,0.07932432886585437,Pre-COVID
2010,2,Gaseous NG (271121),13639869807.05,141144788296.91998,0.0966374314746671,Pre-COVID
2010,2,LNG (271111),5301889218.771,70643022720.034,0.07505184538582055,Pre-COVID
2010,3,Gaseous NG (271121),13441692145.198,141144788296.91998,0.09523335793965919,Pre-COVID
2010,3,LNG (271111),6269608958.21,70643022720.034,0.08875057602018453,Pre-COVID
2010,4,Gaseous NG (271121),11730708752.305,141144788296.91998,0.08311117182469134,Pre-COVID
2010,4,LNG (271111),5601298855.9210005,70643022720.034,0.07929019229711558,Pre-COVID
2010,5,Gaseous NG (271121),10388586647.437,141144788296.91998,0.07360233964560559,Pre-COVID
2010,5,LNG (271111),5026731491.694,70643022720.034,0.07115680074471736,Pre-COVID
2010,6,Gaseous NG (271121),10213291885.625,141144788296.91998,0.07236038970237962,Pre-COVID
2010,6,LNG (271111),5434280350.941,70643022720.034,0.0769259318429457,Pre-COVID
2010,7,Gaseous NG (271121),9918119437.486,141144788296.91998,0.07026911554553254,Pre-COVID
2010,7,LNG (271111),5984123665.334001,70643022720.034,0.08470933766593956,Pre-COVID
2010,8,Gaseous NG (271121),9455381227.659,141144788296.91998,0.06699065081856326,Pre-COVID
2010,8,LNG (271111),6544525255.759,70643022720.034,0.09264220306222834,Pre-COVID
2010,9,Gaseous NG (271121),8810781579.866,141144788296.91998,0.0624237117514474,Pre-COVID
2010,9,LNG (271111),6399892036.314,70643022720.034,0.09059482153924062,Pre-COVID
2010,10,Gaseous NG (271121),11659782368.753,141144788296.91998,0.08260866383691644,Pre-COVID
2010,10,LNG (271111),5462140269.131,70643022720.034,0.07732030792026068,Pre-COVID
2010,11,Gaseous NG (271121),12909348196.949,141144788296.91998,0.09146174189437431,Pre-COVID
2010,11,LNG (271111),6166237315.367,70643022720.034,0.08728728015793535,Pre-COVID
2010,12,Gaseous NG (271121),15185833523.577,141144788296.91998,0.10759046583874737,Pre-COVID
2010,12,LNG (271111),6848584936.27,70643022720.034,0.0969463744977574,Pre-COVID
2011,1,Gaseous NG (271121),18433726260.955,195920894734.707,0.09408759737401048,Pre-COVID
2011,1,LNG (271111),7866894937.686,109693969798.439,0.07171674935405566,Pre-COVID
2011,2,Gaseous NG (271121),18312963296.304,195920894734.707,0.09347121102678332,Pre-COVID
2011,2,LNG (271111),7285629066.142,109693969798.439,0.06641777191152105,Pre-COVID
2011,3,Gaseous NG (271121),17417738104.336998,195920894734.707,0.08890189138796067,Pre-COVID
2011,3,LNG (271111),8606871730.796,109693969798.439,0.07846257863227118,Pre-COVID
2011,4,Gaseous NG (271121),17223395971.259,195920894734.707,0.08790994954663153,Pre-COVID
2011,4,LNG (271111),8024328950.124001,109693969798.439,0.07315196053956825,Pre-COVID
2011,5,Gaseous NG (271121),16138254433.441,195920894734.707,0.08237127773070618,Pre-COVID
2011,5,LNG (271111),8712919106.047,109693969798.439,0.07942933528667855,Pre-COVID
2011,6,Gaseous NG (271121),14191168398.835,195920894734.707,0.07243315429960141,Pre-COVID
2011,6,LNG (271111),8834991812.407,109693969798.439,0.08054218320880503,Pre-COVID
2011,7,Gaseous NG (271121),14304992059.024,195920894734.707,0.0730141217372151,Pre-COVID
2011,7,LNG (271111),9699626702.282,109693969798.439,0.08842442952976282,Pre-COVID
2011,8,Gaseous NG (271121),13291895193.685,195920894734.707,0.06784317319336111,Pre-COVID
2011,8,LNG (271111),11030868147.954,109693969798.439,0.10056038785197631,Pre-COVID
2011,9,Gaseous NG (271121),14367263575.668,195920894734.707,0.07333196183654865,Pre-COVID
2011,9,LNG (271111),9822805240.455,109693969798.439,0.08954735851482315,Pre-COVID
2011,10,Gaseous NG (271121),15919521794.162,195920894734.707,0.08125484428661038,Pre-COVID
2011,10,LNG (271111),9256770326.413,109693969798.439,0.08438723061461058,Pre-COVID
2011,11,Gaseous NG (271121),17363260576.088,195920894734.707,0.08862383259120618,Pre-COVID
2011,11,LNG (271111),10171042384.016,109693969798.439,0.09272198282827339,Pre-COVID
2011,12,Gaseous NG (271121),18956715070.949,195920894734.707,0.09675698498936498,Pre-COVID
2011,12,LNG (271111),10381221394.117,109693969798.439,0.0946380317276541,Pre-COVID
2012,1,Gaseous NG (271121),17840001807.041,190127613535.373,0.09383172425778064,Pre-COVID
2012,1,LNG (271111),11672365500.726,120861332346.115,0.09657650858340218,Pre-COVID
2012,2,Gaseous NG (271121),19737128169.077,190127613535.373,0.10380989800518868,Pre-COVID
2012,2,LNG (271111),9858407587.244999,120861332346.115,0.08156792082196411,Pre-COVID
2012,3,Gaseous NG (271121),17349223017.565,190127613535.373,0.09125041173641618,Pre-COVID
2012,3,LNG (271111),11241254256.566,120861332346.115,0.093009517919048,Pre-COVID
2012,4,Gaseous NG (271121),16898605012.112,190127613535.373,0.08888032988941943,Pre-COVID
2012,4,LNG (271111),9622798818.257,120861332346.115,0.07961850685792408,Pre-COVID
2012,5,Gaseous NG (271121),14351621737.8,190127613535.373,0.07548415230662904,Pre-COVID
2012,5,LNG (271111),10808509574.181,120861332346.115,0.08942901227688171,Pre-COVID
2012,6,Gaseous NG (271121),13704731204.587,190127613535.373,0.0720817505135163,Pre-COVID
2012,6,LNG (271111),9470435151.974,120861332346.115,0.07835785828384856,Pre-COVID
2012,7,Gaseous NG (271121),13818726736.816,190127613535.373,0.07268132429509007,Pre-COVID
2012,7,LNG (271111),10862048211.327,120861332346.115,0.08987198800871196,Pre-COVID
2012,8,Gaseous NG (271121),14176528865.949,190127613535.373,0.07456322941386667,Pre-COVID
2012,8,LNG (271111),10834207426.962,120861332346.115,0.08964163489391036,Pre-COVID
2012,9,Gaseous NG (271121),13927097179.855,190127613535.373,0.07325131221543409,Pre-COVID
2012,9,LNG (271111),10247325692.509,120861332346.115,0.08478580778146116,Pre-COVID
2012,10,Gaseous NG (271121),15647682429.142,190127613535.373,0.08230094586566075,Pre-COVID
2012,10,LNG (271111),8322647138.451,120861332346.115,0.06886112354460178,Pre-COVID
2012,11,Gaseous NG (271121),14973717261.945,190127613535.373,0.07875614164356594,Pre-COVID
2012,11,LNG (271111),8482898301.147,120861332346.115,0.07018703282911208,Pre-COVID
2012,12,Gaseous NG (271121),17702550113.484,190127613535.373,0.09310877985743225,Pre-COVID
2012,12,LNG (271111),9438434686.77,120861332346.115,0.07809308819913395,Pre-COVID
2013,1,Gaseous NG (271121),18860069305.177,191035555783.62,0.09872544002509778,Pre-COVID
2013,1,LNG (271111),13271148365.112,143400565340.126,0.09254599752542605,Pre-COVID
2013,2,Gaseous NG (271121),16810075136.279,191035555783.62,0.0879944838924082,Pre-COVID
2013,2,LNG (271111),12419526655.98,143400565340.126,0.08660723635588623,Pre-COVID
2013,3,Gaseous NG (271121),18465757603.934,191035555783.62,0.09666136509608496,Pre-COVID
2013,3,LNG (271111),12475351929.705,143400565340.126,0.08699653240637661,Pre-COVID
2013,4,Gaseous NG (271121),15950701729.456,191035555783.62,0.08349598410634543,Pre-COVID
2013,4,LNG (271111),12721426848.566,143400565340.126,0.08871252925950858,Pre-COVID
2013,5,Gaseous NG (271121),14639851931.480999,191035555783.62,0.07663417352559804,Pre-COVID
2013,5,LNG (271111),11581260477.914,143400565340.126,0.08076160962437544,Pre-COVID
2013,6,Gaseous NG (271121),14328633196.295,191035555783.62,0.07500505933316726,Pre-COVID
2013,6,LNG (271111),11345217501.991,143400565340.126,0.07911557025651703,Pre-COVID
2013,7,Gaseous NG (271121),14106664357.028,191035555783.62,0.07384313511253464,Pre-COVID
2013,7,LNG (271111),11764738492.62,143400565340.126,0.08204108864365836,Pre-COVID
2013,8,Gaseous NG (271121),13923111540.769001,191035555783.62,0.07288230446765247,Pre-COVID
2013,8,LNG (271111),11872328219.12,143400565340.126,0.08279136271855349,Pre-COVID
2013,9,Gaseous NG (271121),14370730173.117,191035555783.62,0.07522542133148385,Pre-COVID
2013,9,LNG (271111),10488103547.264,143400565340.126,0.07313850905948446,Pre-COVID
2013,10,Gaseous NG (271121),15011548673.749,191035555783.62,0.07857986756534534,Pre-COVID
2013,10,LNG (271111),12094897462.859,143400565340.126,0.08434344337605365,Pre-COVID
2013,11,Gaseous NG (271121),16460243190.929,191035555783.62,0.08616324392289049,Pre-COVID
2013,11,LNG (271111),11158795514.318,143400565340.126,0.07781556152063211,Pre-COVID
2013,12,Gaseous NG (271121),18108168945.406002,191035555783.62,0.09478952162139156,Pre-COVID
2013,12,LNG (271111),12207770324.677,143400565340.126,0.08513055925352793,Pre-COVID
2014,1,Gaseous NG (271121),17142167865.218,157996381511.404,0.1084972181086356,Pre-COVID
2014,1,LNG (271111),13873474884.802,146117471546.09,0.09494740593308086,Pre-COVID
2014,2,Gaseous NG (271121),15462600184.459,157996381511.404,0.09786679945795422,Pre-COVID
2014,2,LNG (271111),13646404822.186,146117471546.09,0.09339338189876562,Pre-COVID
2014,3,Gaseous NG (271121),15413568026.879,157996381511.404,0.09755646223939923,Pre-COVID
2014,3,LNG (271111),13304786936.242,146117471546.09,0.0910554144926143,Pre-COVID
2014,4,Gaseous NG (271121),13911088020.153,157996381511.404,0.0880468773213576,Pre-COVID
2014,4,LNG (271111),12980116175.965,146117471546.09,0.08883342996987645,Pre-COVID
2014,5,Gaseous NG (271121),13828990708.393,157996381511.404,0.08752726218223447,Pre-COVID
2014,5,LNG (271111),11268915681.794,146117471546.09,0.07712230140965336,Pre-COVID
2014,6,Gaseous NG (271121),12324403322.681,157996381511.404,0.07800433911704135,Pre-COVID
2014,6,LNG (271111),11176902976.836,146117471546.09,0.07649258407342792,Pre-COVID
2014,7,Gaseous NG (271121),10504629115.71,157996381511.404,0.06648651706591006,Pre-COVID
2014,7,LNG (271111),12547406539.437,146117471546.09,0.08587204806291189,Pre-COVID
2014,8,Gaseous NG (271121),10103516659.594,157996381511.404,0.06394777249290827,Pre-COVID
2014,8,LNG (271111),11274496044.157999,146117471546.09,0.07716049234127126,Pre-COVID
2014,9,Gaseous NG (271121),10907097188.945,157996381511.404,0.06903384169059427,Pre-COVID
2014,9,LNG (271111),10384960694.827,146117471546.09,0.0710726827185157,Pre-COVID
2014,10,Gaseous NG (271121),11445562385.914999,157996381511.404,0.07244192731773968,Pre-COVID
2014,10,LNG (271111),11489646628.7,146117471546.09,0.07863294174971956,Pre-COVID
2014,11,Gaseous NG (271121),12731086487.317,157996381511.404,0.08057834214638697,Pre-COVID
2014,11,LNG (271111),10524946482.398,146117471546.09,0.07203071864734605,Pre-COVID
2014,12,Gaseous NG (271121),14221671546.14,157996381511.404,0.09001264085983827,Pre-COVID
2014,12,LNG (271111),13645413678.745,146117471546.09,0.09338659870281708,Pre-COVID
2015,1,Gaseous NG (271121),12998059998.148,123425714979.724,0.10531079362419155,Pre-COVID
2015,1,LNG (271111),12897753461.9,96314821248.977,0.13391244768610305,Pre-COVID
2015,2,Gaseous NG (271121),12467428357.998,123425714979.724,0.10101159519348225,Pre-COVID
2015,2,LNG (271111),10124532973.655,96314821248.977,0.10511915863377608,Pre-COVID
2015,3,Gaseous NG (271121),11197653618.437,123425714979.724,0.0907238302834747,Pre-COVID
2015,3,LNG (271111),9902524467.276001,96314821248.977,0.10281412911183885,Pre-COVID
2015,4,Gaseous NG (271121),10189999807.114,123425714979.724,0.0825597794494282,Pre-COVID
2015,4,LNG (271111),7775314931.543,96314821248.977,0.0807281250249487,Pre-COVID
2015,5,Gaseous NG (271121),9517143946.997,123425714979.724,0.07710827479152499,Pre-COVID
2015,5,LNG (271111),6580544139.32,96314821248.977,0.06832327625162772,Pre-COVID
2015,6,Gaseous NG (271121),9384129416.726,123425714979.724,0.07603058583268159,Pre-COVID
2015,6,LNG (271111),6521115648.458,96314821248.977,0.06770625293069589,Pre-COVID
2015,7,Gaseous NG (271121),9798801002.358,123425714979.724,0.07939027133825165,Pre-COVID
2015,7,LNG (271111),7133192937.856,96314821248.977,0.07406121763354012,Pre-COVID
2015,8,Gaseous NG (271121),9468191760.848,123425714979.724,0.07671166225290577,Pre-COVID
2015,8,LNG (271111),6866932032.81,96314821248.977,0.07129673235917403,Pre-COVID
2015,9,Gaseous NG (271121),9403528711.834,123425714979.724,0.07618775968507684,Pre-COVID
2015,9,LNG (271111),7264699571.637,96314821248.977,0.07542660078096922,Pre-COVID
2015,10,Gaseous NG (271121),9938632422.067,123425714979.724,0.08052319100359019,Pre-COVID
2015,10,LNG (271111),7030308238.473,96314821248.977,0.07299300509834743,Pre-COVID
2015,11,Gaseous NG (271121),9323617048.569,123425714979.724,0.0755403122444999,Pre-COVID
2015,11,LNG (271111),6781423051.75,96314821248.977,0.070408925270388,Pre-COVID
2015,12,Gaseous NG (271121),9738528888.628,123425714979.724,0.07890194430089237,Pre-COVID
2015,12,LNG (271111),7436479794.299,96314821248.977,0.07721012921859091,Pre-COVID
2016,1,Gaseous NG (271121),10007303483.395,99237569017.675,0.10084188460534155,Pre-COVID
2016,1,LNG (271111),7225797628.298,73511087377.91,0.09829534409076561,Pre-COVID
2016,2,Gaseous NG (271121),8763131474.436,99237569017.675,0.08830457619205904,Pre-COVID
2016,2,LNG (271111),6550192632.726,73511087377.91,0.0891048257666547,Pre-COVID
2016,3,Gaseous NG (271121),8402445217.797,99237569017.675,0.08467000250984037,Pre-COVID
2016,3,LNG (271111),6717018861.951,73511087377.91,0.09137422804562481,Pre-COVID
2016,4,Gaseous NG (271121),7250838057.165,99237569017.675,0.07306545423209196,Pre-COVID
2016,4,LNG (271111),5273796517.2699995,73511087377.91,0.07174151145606328,Pre-COVID
2016,5,Gaseous NG (271121),6633176525.344,99237569017.675,0.06684138467924963,Pre-COVID
2016,5,LNG (271111),4731982517.714,73511087377.91,0.06437100424576164,Pre-COVID
2016,6,Gaseous NG (271121),6287547592.229,99237569017.675,0.06335854106935185,Pre-COVID
2016,6,LNG (271111),5088719559.406,73511087377.91,0.06922383739537982,Pre-COVID
2016,7,Gaseous NG (271121),6990816327.726999,99237569017.675,0.0704452597632846,Pre-COVID
2016,7,LNG (271111),5137722598.245,73511087377.91,0.06989044484994082,Pre-COVID
2016,8,Gaseous NG (271121),7702893051.767,99237569017.675,0.07762073505040266,Pre-COVID
2016,8,LNG (271111),5944357623.711,73511087377.91,0.08086341578858583,Pre-COVID
2016,9,Gaseous NG (271121),7491357721.797,99237569017.675,0.07548912973132917,Pre-COVID
2016,9,LNG (271111),6223568181.449,73511087377.91,0.08466162593207913,Pre-COVID
2016,10,Gaseous NG (271121),8735166540.188,99237569017.675,0.08802277833541244,Pre-COVID
2016,10,LNG (271111),6050053732.335,73511087377.91,0.0823012411887276,Pre-COVID
2016,11,Gaseous NG (271121),10158482301.89,99237569017.675,0.10236528768737466,Pre-COVID
2016,11,LNG (271111),6996318767.578,73511087377.91,0.09517365362330887,Pre-COVID
2016,12,Gaseous NG (271121),10814410723.939999,99237569017.675,0.10897496614426201,Pre-COVID
2016,12,LNG (271111),7571558757.227,73511087377.91,0.10299886761710784,Pre-COVID
2017,1,Gaseous NG (271121),11475603392.764,117050688672.60901,0.09803960594252703,Pre-COVID
2017,1,LNG (271111),8382617501.047,96024556519.93,0.08729660208643795,Pre-COVID
2017,2,Gaseous NG (271121),10832651780.017,117050688672.60901,0.09254667275231457,Pre-COVID
2017,2,LNG (271111),8069030894.28,96024556519.93,0.08403091028705001,Pre-COVID
2017,3,Gaseous NG (271121),9617627334.756,117050688672.60901,0.08216634557064864,Pre-COVID
2017,3,LNG (271111),8196799686.385,96024556519.93,0.0853614948451623,Pre-COVID
2017,4,Gaseous NG (271121),9048035861.036,117050688672.60901,0.07730015058983013,Pre-COVID
2017,4,LNG (271111),6898514398.667,96024556519.93,0.07184114822998643,Pre-COVID
2017,5,Gaseous NG (271121),8660665194.218,117050688672.60901,0.07399072395414859,Pre-COVID
2017,5,LNG (271111),7630907733.019,96024556519.93,0.07946829446106525,Pre-COVID
2017,6,Gaseous NG (271121),8125009316.272,117050688672.60901,0.06941445119556422,Pre-COVID
2017,6,LNG (271111),7970534251.575,96024556519.93,0.08300516597460887,Pre-COVID
2017,7,Gaseous NG (271121),8282917348.473001,117050688672.60901,0.07076350803573941,Pre-COVID
2017,7,LNG (271111),7822993295.114,96024556519.93,0.08146867404162736,Pre-COVID
2017,8,Gaseous NG (271121),8320915581.873,117050688672.60901,0.07108813861955667,Pre-COVID
2017,8,LNG (271111),8137293143.224,96024556519.93,0.08474179353835491,Pre-COVID
2017,9,Gaseous NG (271121),9002226968.812,117050688672.60901,0.07690879114766463,Pre-COVID
2017,9,LNG (271111),7302202265.471,96024556519.93,0.07604515480324474,Pre-COVID
2017,10,Gaseous NG (271121),9988064025.927,117050688672.60901,0.08533110004900213,Pre-COVID
2017,10,LNG (271111),7594976099.938,96024556519.93,0.079094102333726,Pre-COVID
2017,11,Gaseous NG (271121),10928150681.623001,117050688672.60901,0.09336254921309399,Pre-COVID
2017,11,LNG (271111),8218703491.405,96024556519.93,0.08558960113186463,Pre-COVID
2017,12,Gaseous NG (271121),12768821186.838,117050688672.60901,0.10908796292990992,Pre-COVID
2017,12,LNG (271111),9799983759.805,96024556519.93,0.1020570582668716,Pre-COVID
2018,1,Gaseous NG (271121),13789700387.569,144902333431.576,0.09516548188701601,Pre-COVID
2018,1,LNG (271111),10769691528.602,133403737748.104,0.08073005832068647,Pre-COVID
2018,2,Gaseous NG (271121),13277035927.427,144902333431.576,0.09162748185622918,Pre-COVID
2018,2,LNG (271111),10520323512.68,133403737748.104,0.07886078523935151,Pre-COVID
2018,3,Gaseous NG (271121),14836069230.989,144902333431.576,0.10238668266853486,Pre-COVID
2018,3,LNG (271111),10360497625.988,133403737748.104,0.07766272370532024,Pre-COVID
2018,4,Gaseous NG (271121),10428699458.027,144902333431.576,0.07197054188883378,Pre-COVID
2018,4,LNG (271111),8821491755.44,133403737748.104,0.0661262713050585,Pre-COVID
2018,5,Gaseous NG (271121),10283128858.322,144902333431.576,0.07096593004955144,Pre-COVID
2018,5,LNG (271111),9813666547.608,133403737748.104,0.07356365506143756,Pre-COVID
2018,6,Gaseous NG (271121),10035906921.724,144902333431.576,0.06925980199251267,Pre-COVID
2018,6,LNG (271111),10029203324.475,133403737748.104,0.07517932775925942,Pre-COVID
2018,7,Gaseous NG (271121),11129892971.916,144902333431.576,0.07680961864683582,Pre-COVID
2018,7,LNG (271111),10537105093.411,133403737748.104,0.07898658067068108,Pre-COVID
2018,8,Gaseous NG (271121),11073667537.044,144902333431.576,0.07642159566928626,Pre-COVID
2018,8,LNG (271111),11724374743.115,133403737748.104,0.08788640364225202,Pre-COVID
2018,9,Gaseous NG (271121),11713747524.852,144902333431.576,0.08083891575412981,Pre-COVID
2018,9,LNG (271111),11049036283.688,133403737748.104,0.08282403829307275,Pre-COVID
2018,10,Gaseous NG (271121),12213488932.299,144902333431.576,0.08428773121218441,Pre-COVID
2018,10,LNG (271111),12436087760.09,133403737748.104,0.09322143419678469,Pre-COVID
2018,11,Gaseous NG (271121),12676235257.546999,144902333431.576,0.08748123620474901,Pre-COVID
2018,11,LNG (271111),12999471203.362999,133403737748.104,0.0974445800604845,Pre-COVID
2018,12,Gaseous NG (271121),13444760423.86,144902333431.576,0.09278498217013684,Pre-COVID
2018,12,LNG (271111),14342788369.644,133403737748.104,0.10751414174561122,Pre-COVID
2019,1,Gaseous NG (271121),14451976053.259,123065189099.883,0.11743350137405137,Pre-COVID
2019,1,LNG (271111),14307099608.524,132310059702.436,0.10813312034398989,Pre-COVID
2019,2,Gaseous NG (271121),12910951768.982,123065189099.883,0.10491148523327037,Pre-COVID
2019,2,LNG (271111),11901380596.352,132310059702.436,0.08995068570838895,Pre-COVID
2019,3,Gaseous NG (271121),12051720664.612999,123065189099.883,0.0979295668642048,Pre-COVID
2019,3,LNG (271111),11574274152.708,132310059702.436,0.08747841380117602,Pre-COVID
2019,4,Gaseous NG (271121),10079601428.653,123065189099.883,0.0819045702718754,Pre-COVID
2019,4,LNG (271111),10774452658.246,132310059702.436,0.0814333595077928,Pre-COVID
2019,5,Gaseous NG (271121),10066981749.592,123065189099.883,0.08180202560304334,Pre-COVID
2019,5,LNG (271111),10406517255.336,132310059702.436,0.0786525021509336,Pre-COVID
2019,6,Gaseous NG (271121),9169935287.718,123065189099.883,0.07451282815870405,Pre-COVID
2019,6,LNG (271111),9692999487.07,132310059702.436,0.07325973179113862,Pre-COVID
2019,7,Gaseous NG (271121),9074823160.184,123065189099.883,0.07373996843915488,Pre-COVID
2019,7,LNG (271111),10725466219.132,132310059702.436,0.08106311979038831,Pre-COVID
2019,8,Gaseous NG (271121),8317717377.066,123065189099.883,0.06758789742170809,Pre-COVID
2019,8,LNG (271111),10627166137.348,132310059702.436,0.08032016734969653,Pre-COVID
2019,9,Gaseous NG (271121),8009806086.281,123065189099.883,0.06508587964529944,Pre-COVID
2019,9,LNG (271111),10113681575.327,132310059702.436,0.07643924882259572,Pre-COVID
2019,10,Gaseous NG (271121),8540927233.193,123065189099.883,0.06940165042334559,Pre-COVID
2019,10,LNG (271111),9618573700.678,132310059702.436,0.0726972213776494,Pre-COVID
2019,11,Gaseous NG (271121),9822924912.731,123065189099.883,0.07981887473279266,Pre-COVID
2019,11,LNG (271111),10775849928.457,132310059702.436,0.08144392008205407,Pre-COVID
2019,12,Gaseous NG (271121),10567823377.611,123065189099.883,0.08587175183255008,Pre-COVID
2019,12,LNG (271111),11792598383.258,132310059702.436,0.08912850927419604,Pre-COVID
2020,1,Gaseous NG (271121),9363384326.055,89813114469.45,0.10425408785083344,COVID
2020,1,LNG (271111),12441171608.734,100303225668.876,0.12403560828447496,COVID
2020,2,Gaseous NG (271121),8312590218.441,89813114469.45,0.0925543030942161,COVID
2020,2,LNG (271111),10261796263.457,100303225668.876,0.10230773930774219,COVID
2020,3,Gaseous NG (271121),8036126530.843,89813114469.45,0.08947609242051723,COVID
2020,3,LNG (271111),10201608583.653,100303225668.876,0.10170768203737389,COVID
2020,4,Gaseous NG (271121),6494902828.608,89813114469.45,0.07231575106792723,COVID
2020,4,LNG (271111),8612865473.138,100303225668.876,0.08586828006480118,COVID
2020,5,Gaseous NG (271121),5889806844.332,89813114469.45,0.06557847235478537,COVID
2020,5,LNG (271111),7770171920.989,100303225668.876,0.07746681992700935,COVID
2020,6,Gaseous NG (271121),5576428451.227,89813114469.45,0.062089244807603534,COVID
2020,6,LNG (271111),7465067723.133,100303225668.876,0.07442500152265197,COVID
2020,7,Gaseous NG (271121),6057181091.948999,89813114469.45,0.06744205595953756,COVID
2020,7,LNG (271111),6913268184.727,100303225668.876,0.06892368753472881,COVID
2020,8,Gaseous NG (271121),6398512239.024,89813114469.45,0.07124251593791972,COVID
2020,8,LNG (271111),6046038572.338,100303225668.876,0.06027760854169698,COVID
2020,9,Gaseous NG (271121),6822946381.221,89813114469.45,0.07596826389471029,COVID
2020,9,LNG (271111),6290767537.127,100303225668.876,0.06271749981295985,COVID
2020,10,Gaseous NG (271121),8106396945.577001,89813114469.45,0.09025849947932045,COVID
2020,10,LNG (271111),6690320133.765,100303225668.876,0.066700946945129,COVID
2020,11,Gaseous NG (271121),8859175958.36,89813114469.45,0.0986401152069329,COVID
2020,11,LNG (271111),7665567007.04,100303225668.876,0.07642393308811223,COVID
2020,12,Gaseous NG (271121),9895662653.813,89813114469.45,0.11018059792569622,COVID
2020,12,LNG (271111),9944582660.775,100303225668.876,0.09914519293331953,COVID
2021,1,Gaseous NG (271121),12557530048.286,192091750517.865,0.06537256292595511,COVID
2021,1,LNG (271111),11232223395.164,174834176568.672,0.0642450098465283,COVID
2021,2,Gaseous NG (271121),11495595838.034,192091750517.865,0.05984429735812566,COVID
2021,2,LNG (271111),12218510883.518,174834176568.672,0.06988628381087017,COVID
2021,3,Gaseous NG (271121),13518402713.428999,192091750517.865,0.07037471769081388,COVID
2021,3,LNG (271111),11086076606.036,174834176568.672,0.06340909325403875,COVID
2021,4,Gaseous NG (271121),10147776710.215,192091750517.865,0.05282775904148592,COVID
2021,4,LNG (271111),9830831543.219,174834176568.672,0.05622946117378607,COVID
2021,5,Gaseous NG (271121),10719778266.691,192091750517.865,0.0558055108446421,COVID
2021,5,LNG (271111),10495207760.367,174834176568.672,0.06002949747210698,COVID
2021,6,Gaseous NG (271121),10387048301.628,192091750517.865,0.0540733700100358,COVID
2021,6,LNG (271111),11704856419.354,174834176568.672,0.06694833155093406,COVID
2021,7,Gaseous NG (271121),12752094757.4,192091750517.865,0.06638543676665606,COVID
2021,7,LNG (271111),12234630712.195,174834176568.672,0.06997848448349249,COVID
2021,8,Gaseous NG (271121),14772706102.973999,192091750517.865,0.07690442751002002,COVID
2021,8,LNG (271111),13622703944.894001,174834176568.672,0.07791785457658061,COVID
2021,9,Gaseous NG (271121),16085465357.745,192091750517.865,0.0837384495397631,COVID
2021,9,LNG (271111),14850049630.35,174834176568.672,0.0849379104349037,COVID
2021,10,Gaseous NG (271121),23655509806.924,192091750517.865,0.12314693235472379,COVID
2021,10,LNG (271111),17121740355.875,174834176568.672,0.09793131235499519,COVID
2021,11,Gaseous NG (271121),24571248367.282,192091750517.865,0.12791412593742185,COVID
2021,11,LNG (271111),22835434830.488,174834176568.672,0.1306119620240189,COVID
2021,12,Gaseous NG (271121),31428594247.257,192091750517.865,0.16361241002035673,COVID
2021,12,LNG (271111),27601910487.212,174834176568.672,0.15787479901774482,COVID
2022,1,Gaseous NG (271121),31719743792.976,371889336519.165,0.08529350179778912,Crisis
2022,1,LNG (271111),32889150922.646,363423789662.08,0.09049806825587038,Crisis
2022,2,Gaseous NG (271121),26333405562.835,371889336519.165,0.07080978930267857,Crisis
2022,2,LNG (271111),25612427648.56,363423789662.08,0.07047537441721974,Crisis
2022,3,Gaseous NG (271121),32315314076.487,371889336519.165,0.08689497359336534,Crisis
2022,3,LNG (271111),28379904661.849,363423789662.08,0.07809038777631289,Crisis
2022,4,Gaseous NG (271121),31490209952.53,371889336519.165,0.08467629173580023,Crisis
2022,4,LNG (271111),27280121113.918,363423789662.08,0.07506421398358015,Crisis
2022,5,Gaseous NG (271121),27253593531.42,371889336519.165,0.07328414895277727,Crisis
2022,5,LNG (271111),26278967437.943,363423789662.08,0.0723094309879323,Crisis
2022,6,Gaseous NG (271121),24420510985.751,371889336519.165,0.06566606941280907,Crisis
2022,6,LNG (271111),23392930909.058,363423789662.08,0.06436818825429479,Crisis
2022,7,Gaseous NG (271121),31557649318.086,371889336519.165,0.08485763429912087,Crisis
2022,7,LNG (271111),27740337306.255,363423789662.08,0.07633054878451578,Crisis
2022,8,Gaseous NG (271121),41170421052.324,371889336519.165,0.11070610799888402,Crisis
2022,8,LNG (271111),33575313339.198,363423789662.08,0.09238611861490167,Crisis
2022,9,Gaseous NG (271121),37413414521.946,371889336519.165,0.1006036227661987,Crisis
2022,9,LNG (271111),40774394147.748,363423789662.08,0.11219517078301613,Crisis
2022,10,Gaseous NG (271121),27740752664.217,371889336519.165,0.07459410620338507,Crisis
2022,10,LNG (271111),30704696750.188,363423789662.08,0.08448730551937161,Crisis
2022,11,Gaseous NG (271121),25634859480.598,371889336519.165,0.0689314184712498,Crisis
2022,11,LNG (271111),31731419682.576,363423789662.08,0.08731244509909662,Crisis
2022,12,Gaseous NG (271121),34839461579.995,371889336519.165,0.09368233546594198,Crisis
2022,12,LNG (271111),35064125742.141,363423789662.08,0.09648274752388787,Crisis
2023,1,Gaseous NG (271121),27516888330.546,201975698795.767,0.13623860937037985,Crisis
2023,1,LNG (271111),34710520595.395996,251603930168.026,0.1379569888761898,Crisis
2023,2,Gaseous NG (271121),22167778607.856,201975698795.767,0.10975468207327024,Crisis
2023,2,LNG (271111),27713647853.158,251603930168.026,0.11014791316912374,Crisis
2023,3,Gaseous NG (271121),21653713532.589,201975698795.767,0.10720949926993306,Crisis
2023,3,LNG (271111),23642056504.144,251603930168.026,0.09396537044693767,Crisis
2023,4,Gaseous NG (271121),17732456499.911,201975698795.767,0.08779500011950267,Crisis
2023,4,LNG (271111),19517826669.76,251603930168.026,0.07757361602708517,Crisis
2023,5,Gaseous NG (271121),15243201772.272,201975698795.767,0.07547047423603946,Crisis
2023,5,LNG (271111),20530912854.044,251603930168.026,0.08160012778947076,Crisis
2023,6,Gaseous NG (271121),12975841219.671,201975698795.767,0.0642445665346694,Crisis
2023,6,LNG (271111),16969739388.747,251603930168.026,0.06744624131035742,Crisis
2023,7,Gaseous NG (271121),13749029126.063,201975698795.767,0.06807268997230052,Crisis
2023,7,LNG (271111),16297683644.952,251603930168.026,0.06477515527705822,Crisis
2023,8,Gaseous NG (271121),14085349972.42,201975698795.767,0.06973784498036455,Crisis
2023,8,LNG (271111),17117452048.098,251603930168.026,0.06803332538035727,Crisis
2023,9,Gaseous NG (271121),11609610227.94,201975698795.767,0.057480233004067294,Crisis
2023,9,LNG (271111),16077463040.75,251603930168.026,0.06389988832850567,Crisis
2023,10,Gaseous NG (271121),13745374225.8,201975698795.767,0.06805459422967014,Crisis
2023,10,LNG (271111),16303950677.294,251603930168.026,0.06480006360157373,Crisis
2023,11,Gaseous NG (271121),15174312926.827,201975698795.767,0.07512939931536468,Crisis
2023,11,LNG (271111),19105294672.967,251603930168.026,0.07593400731144427,Crisis
2023,12,Gaseous NG (271121),16322142353.872,201975698795.767,0.08081240689443812,Crisis
2023,12,LNG (271111),23617382218.716,251603930168.026,0.09386730248189626,Crisis
2024,1,Gaseous NG (271121),13742973080.296,145978095873.096,0.09414407687741905,Crisis
2024,1,LNG (271111),21005425444.086,206201013959.241,0.10186868163625065,Crisis
2024,2,Gaseous NG (271121),11675378851.725,145978095873.096,0.07998034761238991,Crisis
2024,2,LNG (271111),18360116529.304,206201013959.241,0.08903989450281354,Crisis
2024,3,Gaseous NG (271121),11661126943.612,145978095873.096,0.07988271715606864,Crisis
2024,3,LNG (271111),16247414431.279,206201013959.241,0.07879405692200217,Crisis
2024,4,Gaseous NG (271121),11208588947.774,145978095873.096,0.07678267674842142,Crisis
2024,4,LNG (271111),15478220682.287,206201013959.241,0.07506374670566132,Crisis
2024,5,Gaseous NG (271121),11801174402.589,145978095873.096,0.0808420902602277,Crisis
2024,5,LNG (271111),16428679344.07,206201013959.241,0.07967312589121117,Crisis
2024,6,Gaseous NG (271121),12411202759.027,145978095873.096,0.08502099362781457,Crisis
2024,6,LNG (271111),14719528825.705,206201013959.241,0.07138436685192322,Crisis
2024,7,Gaseous NG (271121),11640610928.996,145978095873.096,0.07974217542278124,Crisis
2024,7,LNG (271111),16281984747.066,206201013959.241,0.07896171039335627,Crisis
2024,8,Gaseous NG (271121),13025980903.651,145978095873.096,0.08923243467276729,Crisis
2024,8,LNG (271111),17004920273.174,206201013959.241,0.08246768503541549,Crisis
2024,9,Gaseous NG (271121),10647441122.942,145978095873.096,0.0729386217792442,Crisis
2024,9,LNG (271111),16377802211.68,206201013959.241,0.07942639028398445,Crisis
2024,10,Gaseous NG (271121),11357623917.327,145978095873.096,0.07780361738106646,Crisis
2024,10,LNG (271111),17909045242.101,206201013959.241,0.08685236264473956,Crisis
2024,11,Gaseous NG (271121),13134547095.294,145978095873.096,0.08997615030348342,Crisis
2024,11,LNG (271111),16807644334.62,206201013959.241,0.08151096840844006,Crisis
2024,12,Gaseous NG (271121),13671446919.863,145978095873.096,0.09365409815831602,Crisis
2024,12,LNG (271111),19580231893.869,206201013959.241,0.09495701072420212,Crisis
